Area,Group,Page,Section
Foundations,,Colours,
Foundations,,Typography,
Foundations,,Icons,
Foundations,,Logo,Logo - Variants
Foundations,,Logo,Logo - Icon only
Foundations,,Logo,Logo - Sizing
Foundations,,Spacing,
Foundations,,Sizing,
Foundations,,Shadows,
Foundations,,Radius,
Foundations,,Border Width,
Foundations,,Opacity,
Foundations,,Transition,
Foundations,,Z-Index,
Components,,Button,Button - Variants
Components,,Button,Button - With Icons - variants
Components,,Button,Icon Button - Variants
Components,,Button,Button - Select - States
Components,,Button,Button - Radio - States
Components,,Button,Button - Split select - variants
Components,,Button,Button - Text - variants
Components,Inputs,Text Inputs,Text Input - Text
Components,Inputs,Text Inputs,Text Input - Password
Components,Inputs,Text Inputs,Text Input - Email
Components,Inputs,Text Inputs,Text Input - URL
Components,Inputs,Text Inputs,Text Input - Telephone
Components,Inputs,Text Inputs,Text Input - Text - Small
Components,Inputs,Text Inputs,Text Input - Text area
Components,Inputs,Number Inputs,Number Input - Number 
Components,Inputs,Number Inputs,Number Input - Number - Small
Components,Inputs,Number Inputs,Number Input - Currency
Components,Inputs,Number Inputs,Number Input - Tagged
Components,Inputs,Number Inputs,Number Input - Telephone
Components,Inputs,Number Inputs,Number Input - Min / max
Components,Inputs,Dropdown Menu,Dropdown Menu - Select
Components,Inputs,Search Input,Search Input - Variants
Components,Inputs,Radio Button,Radio Button - States
Components,Inputs,Radio Button,Radio Button - Radio Group
Components,Inputs,Checkboxes,Checkboxes - States
Components,Inputs,Checkboxes,Checkboxes - Interactive
Components,Inputs,Date Picker,Date Picker - States
Components,Inputs,Toggle,Toggle - variants
Components,Inputs,Toggle,Toggle - States
Components,Inputs,Toggle,Toggle - With label
Components,,Tags & Badges,Tags & Badges - Price type
Components,,Tags & Badges,Tags & Badges - Assessment type
Components,,Tags & Badges,Tags & Badges - Accreditation
Components,,Tags & Badges,Tags & Badges - Lot status
Components,,Tags & Badges,Tags & Badges - Percentile
Components,,Tags & Badges,Tags & Badges - Bid status
Components,,Tags & Badges,Tags & Badges - New / beta
Components,,Tags & Badges,Tags & Badges - Card key
Components,,Tags & Badges,Tags & Badges - Auction type
Components,,Tags & Badges,Tags & Badges - Package type
Components,,Tags & Badges,Tags & Badges - Listing status
Components,,Tags & Badges,Tags & Badges - Badge
Components,,Tags & Badges,Tags & Badges - Chip
Components,,Nav Items,Nav Items - Dashboard sidebar - Nav item - Large
Components,,Nav Items,Nav Items - Dashboard sidebar - Nav item - Icon
Components,,Nav Items,Nav Items - Dashboard sidebar - Nav item - with child - Large
Components,,Nav Items,Nav Items - Sidebar item - Small
Components,,Nav Items,Nav Items - Sidebar item - child - Small
Components,,Nav Items,Nav Items - Header item - With leading icon
Components,,Nav Items,Nav Items - Header item - With trailing icon
Components,,Nav Items,Nav Items - Footer item - link
Components,,Scrollbar,Scrollbar - Vertical
Components,,Scrollbar,Scrollbar - Horizontal
Components,,Tab,Tab - variants
Components,,Image,Image - Aspect ratios
Components,,Image,Image - Border radius
Components,,Image,Image - Loading & fallback states
Components,,Avatar,Avatar - With image
Components,,Avatar,Avatar - Fallback (no src)
Components,,Message,Message - Variants
Components,,Message,Message - With link
Components,,Tooltip,Tooltip - Placement
Components,,Tooltip,Tooltip - On any element
Patterns,Navigation,Header,Header - Website Header
Patterns,Navigation,Footer,Footer - Interactive
Patterns,Navigation,Mega Menu,Mega Menu - Coming Soon
Patterns,Navigation,Side Navigation,Side Navigation - Default
Patterns,Navigation,Tabbed Navigation,Tabbed Navigation - Default
Patterns,Navigation,Tabbed Navigation,Tabbed Navigation - With badge
Patterns,Navigation,Tabbed Navigation,Tabbed Navigation - With leading icon
Patterns,Navigation,Commodity Navigation,Commodity Navigation - Default
Patterns,Navigation,Breadcrumbs,Breadcrumbs - Example
Patterns,Navigation,Breadcrumbs,Breadcrumbs - Short trail
Patterns,Navigation,Pagination,Pagination - Few pages
Patterns,Navigation,Pagination,Pagination - Many pages — start
Patterns,Navigation,Pagination,Pagination - Many pages — middle
Patterns,Content,Page Header,Page Header - Catalogue header
Patterns,Content,Page Header,Page Header - Stud profile header
Patterns,Content,Page Header,Page Header - Lot detail header
Patterns,Content,Filter,Filter - Interactive
Patterns,Content,Tabbed Accordion,Tabbed Accordion - Interactive
Patterns,Content,Table,Table - Extended — management table
Patterns,Content,Table,Table - Simple — read-only table
Patterns,Cards,Contact Card,Contact Card - Default
Patterns,Cards,Action Card,Action Card - Coming Soon
Patterns,Cards,Lot Card,Lot Card - Sheep Genetics
Patterns,Cards,Lot Card,Lot Card - Standard
Patterns,Cards,Auction Card,Auction Card - Horizontal
Patterns,Cards,Advertising Card,Advertising Card - Horizontal Ad 16/3
Patterns,Cards,Advertising Card,Advertising Card - Vertical Ad 16/3
Patterns,Cards,Advertising Card,Advertising Card - Ad  1/1
Patterns,Overlays,Modal,Modal - Coming Soon
Patterns,Overlays,Search Modal,Search Modal - Coming Soon
Patterns,Overlays,Fly-Out Drawer,Fly-Out Drawer - Coming Soon
Patterns,Feedback,Toast,Toast - Variants
Patterns,Feedback,Toast,Toast - With action
Patterns,Feedback,Toast,Toast - Persistent
Patterns,Feedback,Announcements,Announcements - In context
Patterns,Feedback,Empty State,Empty State - With action
Patterns,Feedback,Empty State,Empty State - Without action
Patterns,Feedback,Empty State,Empty State - Variants
Patterns,Feedback,Progress Indicator,Progress Indicator - Variants
Patterns,Feedback,Progress Indicator,Progress Indicator - Sizes
Patterns,Feedback,Progress Indicator,Progress Indicator - Interactive
Patterns,Feedback,Progress Tracker,Progress Tracker - Horizontal
Patterns,Feedback,Progress Tracker,Progress Tracker - Vertical
Patterns,Feedback,Progress Tracker,Progress Tracker - Interactive
Experiences,,Website,Website - Coming Soon
Experiences,,Dashboard,Dashboard - Coming Soon
Experiences,,Listings Portal,Listings Portal - Coming Soon
Experiences,,Assessment Entry,Assessment Entry - Coming Soon
Experiences,,Mobile App,Mobile App - Coming Soon
Experiences,,LiveAssess,LiveAssess - Coming Soon
Experiences,,Console,Console - Coming Soon